<?xml version="1.0" encoding="UTF-8"?>
<mule xmlns:dw="http://www.mulesoft.org/schema/mule/ee/dw" xmlns:ws="http://www.mulesoft.org/schema/mule/ws" xmlns:doc="http://www.mulesoft.org/schema/mule/documentation" xmlns="http://www.mulesoft.org/schema/mule/core" xmlns:apikit="http://www.mulesoft.org/schema/mule/apikit" xmlns:http="http://www.mulesoft.org/schema/mule/http" xmlns:spring="http://www.springframework.org/schema/beans" xmlns:xsi="http://www.w3.org/2001/XMLSchema-instance" xsi:schemaLocation="http://www.mulesoft.org/schema/mule/core http://www.mulesoft.org/schema/mule/core/current/mule.xsd
http://www.mulesoft.org/schema/mule/http http://www.mulesoft.org/schema/mule/http/current/mule-http.xsd
http://www.mulesoft.org/schema/mule/apikit http://www.mulesoft.org/schema/mule/apikit/current/mule-apikit.xsd
http://www.springframework.org/schema/beans http://www.springframework.org/schema/beans/spring-beans-3.1.xsd
http://www.mulesoft.org/schema/mule/ws http://www.mulesoft.org/schema/mule/ws/current/mule-ws.xsd
http://www.mulesoft.org/schema/mule/ee/dw http://www.mulesoft.org/schema/mule/ee/dw/current/dw.xsd">
    <http:listener-config name="weather_app-httpListenerConfig" host="localhost" port="8096" doc:name="HTTP Listener Configuration"/>
    <apikit:config name="weather_app-config" raml="weather_app.raml" consoleEnabled="false" doc:name="Router"/>
    <ws:consumer-config name="Web_Service_Consumer" wsdlLocation="global-weather.wsdl" service="GlobalWeather" port="GlobalWeatherSoap" serviceAddress="http://35.189.39.9/GlobalWeather" connectorConfig="HTTP_Request_Configuration" doc:name="Web Service Consumer"/>
    <http:request-config name="HTTP_Request_Configuration" doc:name="HTTP Request Configuration">
        <http:proxy host="approxyzs.corp.auspost.local" port="80" username="joshia1" password="MarPass2018"/>
    </http:request-config>
    <flow name="weather_app-main">
        <http:listener config-ref="weather_app-httpListenerConfig" path="/globalweather/v1/*" allowedMethods="GET" doc:name="HTTP"/>
        <apikit:router config-ref="weather_app-config" doc:name="APIkit Router"/>
        <exception-strategy ref="weather_app-apiKitGlobalExceptionMapping" doc:name="Reference Exception Strategy"/>
    </flow>
    <flow name="weather_app-console">
        <http:listener config-ref="weather_app-httpListenerConfig" path="/console/*" doc:name="HTTP"/>
        <apikit:console config-ref="weather_app-config" doc:name="APIkit Console"/>
    </flow>
    <flow name="get:/cities:weather_app-config">
        <dw:transform-message doc:name="Transform Message">
            <dw:set-payload><![CDATA[%dw 1.0
%output application/xml
%namespace ns0 http://www.webserviceX.NET
---
{
	ns0#GetCitiesByCountry: {
		ns0#CountryName: inboundProperties."http.query.params".country as :string
	}
}]]></dw:set-payload>
        </dw:transform-message>
        <ws:consumer config-ref="Web_Service_Consumer" operation="GetCitiesByCountry" doc:name="Web Service Consumer"/>
        <set-payload value="#[xpath3(&quot;//*[local-name()='GetCitiesByCountryResponse']/text()&quot;).replaceAll('&amp;lt;','&lt;').replaceAll('&amp;gt;','&gt;')]" doc:name="Set Payload" encoding="UTF-8" mimeType="application/xml"/>
        <dw:transform-message doc:name="Transform Message">
            <dw:set-payload><![CDATA[%dw 1.0
%output application/json
---
result: payload.NewDataSet.*Table groupBy $.Country pluck {
	country: $$,
	cities: $.City
}]]></dw:set-payload>
        </dw:transform-message>
        <logger level="INFO" doc:name="Logger"/>
    </flow>
    <flow name="get:/weather:weather_app-config">
        <dw:transform-message doc:name="Transform Message">
            <dw:set-payload><![CDATA[%dw 1.0
%output application/xml
%namespace ns0 http://www.webserviceX.NET
---
{
	ns0#GetWeather: {
		ns0#CityName: inboundProperties."http.query.params".city as :string,
		ns0#CountryName: inboundProperties."http.query.params".country as :string
	}
}]]></dw:set-payload>
        </dw:transform-message>
        <ws:consumer config-ref="Web_Service_Consumer" operation="GetWeather" doc:name="Web Service Consumer"/>
        <set-payload value="#[ '&lt;root&gt;' + xpath3(&quot;//*[local-name()='GetWeatherResponse']/text()&quot;).replaceAll('&amp;lt;','&lt;').replaceAll('&amp;gt;','&gt;') + '&lt;/root&gt;']" doc:name="Set Payload" encoding="UTF-8" mimeType="application/xml"/>
        <set-payload value="#[xpath3(&quot;//*[local-name()='root']/text()&quot;)]" encoding="UTF-8" mimeType="application/xml" doc:name="Set Payload - Strip Additional CData"/>
        <dw:transform-message doc:name="Transform Message">
            <dw:set-payload><![CDATA[%dw 1.0
%output application/json
---
{
	location: payload.NewDataSet.Location,
	time: payload.NewDataSet.Time,
	wind: payload.NewDataSet.Wind,
	visibility: payload.NewDataSet.Visibility,
	skyConditions: payload.NewDataSet.SkyConditions,
	temperature: payload.NewDataSet.Temperature as :string,
	dewPoint: payload.NewDataSet.DewPoint,
	relativeHumidity: payload.NewDataSet.RelativeHumidity as :string,
	status: payload.NewDataSet.Status
}]]></dw:set-payload>
        </dw:transform-message>
        <logger level="INFO" doc:name="Logger"/>
    </flow>
    <apikit:mapping-exception-strategy name="weather_app-apiKitGlobalExceptionMapping">
        <apikit:mapping statusCode="404">
            <apikit:exception value="org.mule.module.apikit.exception.NotFoundException" />
            <set-property propertyName="Content-Type" value="application/json" doc:name="Property"/>
            <set-payload value="{ &quot;message&quot;: &quot;Resource not found&quot; }" doc:name="Set Payload"/>
        </apikit:mapping>
        <apikit:mapping statusCode="405">
            <apikit:exception value="org.mule.module.apikit.exception.MethodNotAllowedException" />
            <set-property propertyName="Content-Type" value="application/json" doc:name="Property"/>
            <set-payload value="{ &quot;message&quot;: &quot;Method not allowed&quot; }" doc:name="Set Payload"/>
        </apikit:mapping>
        <apikit:mapping statusCode="415">
            <apikit:exception value="org.mule.module.apikit.exception.UnsupportedMediaTypeException" />
            <set-property propertyName="Content-Type" value="application/json" doc:name="Property"/>
            <set-payload value="{ &quot;message&quot;: &quot;Unsupported media type&quot; }" doc:name="Set Payload"/>
        </apikit:mapping>
        <apikit:mapping statusCode="406">
            <apikit:exception value="org.mule.module.apikit.exception.NotAcceptableException" />
            <set-property propertyName="Content-Type" value="application/json" doc:name="Property"/>
            <set-payload value="{ &quot;message&quot;: &quot;Not acceptable&quot; }" doc:name="Set Payload"/>
        </apikit:mapping>
        <apikit:mapping statusCode="400">
            <apikit:exception value="org.mule.module.apikit.exception.BadRequestException" />
            <set-property propertyName="Content-Type" value="application/json" doc:name="Property"/>
            <set-payload value="{ &quot;message&quot;: &quot;Bad request&quot; }" doc:name="Set Payload"/>
        </apikit:mapping>
    </apikit:mapping-exception-strategy>
</mule>
